{
  "project_info": {
    "project_number": "549389035067",
    "firebase_url": "https://app-sono.firebaseio.com",
    "project_id": "app-sono",
    "storage_bucket": "app-sono.appspot.com"
  },
  "client": [
    {
      "client_info": {
        "mobilesdk_app_id": "1:549389035067:android:222eeb6d538c3919",
        "android_client_info": {
          "package_name": "com.example.tccappsono"
        }
      },
      "oauth_client": [
        {
          "client_id": "549389035067-oukie7qklotcc1kr10vt5bsdr1hgd5a2.apps.googleusercontent.com",
          "client_type": 3
        }
      ],
      "api_key": [
        {
          "current_key": "AIzaSyB2WU6eG4Sq7tzH2_pUaCwnYfC_tqmJ6QI"
        }
      ],
      "services": {
        "appinvite_service": {
          "other_platform_oauth_client": [
            {
              "client_id": "549389035067-oukie7qklotcc1kr10vt5bsdr1hgd5a2.apps.googleusercontent.com",
              "client_type": 3
            }
          ]
        }
      }
    }
  ],
  "configuration_version": "1"
}